name,price,url
Диван Нумо Velvet Pink,38990,https://www.divan.ru/product/divan-numo-velvet-pink
Банкетка Вайли Velvet Light,10990,https://www.divan.ru/product/banketka-vajli-velvet-light
Кресло Кенсол Velvet Ginger,19990,https://www.divan.ru/product/kreslo-kensol-velvet-ginger
Диван Риен Velvet Stone,51990,https://www.divan.ru/product/divan-rien-velvet-stone
Кресло Кото Cozy Beige,26990,https://www.divan.ru/product/kreslo-koto-cozy-beige
Диван Нумо Мини Textile Yellow,26990,https://www.divan.ru/product/divan-numo-mini-textile-yellow
Диван угловой Онте Bucle Silver,109990,https://www.divan.ru/product/divan-uglovoj-onte-bucle-silver
Кресло Витио Velvet Yellow,22990,https://www.divan.ru/product/kreslo-vitio-velvet-yellow-new
Кресло Пайпел-2 Bucle Forest,37990,https://www.divan.ru/product/kreslo-pajpel-2-bucle-forest
Диван Види Textile Navy Blue,25990,https://www.divan.ru/product/divan-vidi-textile-navy-blue
Кресло Ансил Bucle Milk,31990,https://www.divan.ru/product/kreslo-ansil-bucle-milk
Диван угловой Аронт Мини Velvet Olive,59990,https://www.divan.ru/product/divan-uglovoj-aront-mini-velvet-olive
Пуф Кропс Bucle Lilac,8990,https://www.divan.ru/product/puf-krops-bucle-lilac
Диван Маре Мини Velvet Beige,28990,https://www.divan.ru/product/divan-mare-mini-velvet-beige
Пуф Кофи Velvet Light,4590,https://www.divan.ru/product/puf-kofi-velvet-light
Кресло Тилар Textile Yellow,23990,https://www.divan.ru/product/kreslo-tilar-textile-yellow
Диван Лави Velvet Moss,43990,https://www.divan.ru/product/divan-lavi-velvet-moss
Диван Викс Textile Silver,23990,https://www.divan.ru/product/divan-viks-textile-silver
Кресло Лонди Cozy Ivory,43990,https://www.divan.ru/product/kreslo-londi-cozy-ivory
Диван Лилле Velvet Atlantic,44990,https://www.divan.ru/product/divan-lille-velvet-atlantic
Пуф Дзен-1 Velvet Beige,9990,https://www.divan.ru/product/puf-dzen-1-velvet-beige
Диван Саннес Velvet Terra,42990,https://www.divan.ru/product/divan-sannes-velvet-terra
Диван Роттердам Velvet Silver,26990,https://www.divan.ru/product/divan-rotterdam-velvet-silver
Диван Сваут Velvet Beige,66990,https://www.divan.ru/product/divan-svaut-velvet-beige
Кресло Пайл Textile Grafit,26990,https://www.divan.ru/product/kreslo-pajl-textile-grafit
Диван угловой Стаус Velvet Olive,39990,https://www.divan.ru/product/divan-uglovoj-staus-velvet-olive
Кресло Кальдера Barhat Mint,34990,https://www.divan.ru/product/kreslo-kaldera-barhat-mint
Диван Терм Velvet Beige,69990,https://www.divan.ru/product/divan-term-velvet-beige
Кресло-кровать Кейсес Velvet Grey,22990,https://www.divan.ru/product/kreslo-krovat-kejses-velvet-grey
Кушетка Ринт Bucle Pink,20990,https://www.divan.ru/product/kushetka-rint-bucle-pink
Диван Тайлин Velvet Yellow,39990,https://www.divan.ru/product/divan-tajlin-velvet-yellow
Кресло Элвит Cozy Ivory,29990,https://www.divan.ru/product/kreslo-elvit-cozy-ivory
Диван Слипсон Velvet Silver,59990,https://www.divan.ru/product/divan-slipson-velvet-silver
Диван угловой Аллаум Linia Mint,52990,https://www.divan.ru/product/divan-uglovoj-allaum-linia-mint
Кресло Винси Textile Ginger,19990,https://www.divan.ru/product/kreslo-vinsi-textile-ginger
Диван Рон Textile Grafit,54990,https://www.divan.ru/product/divan-ron-textile-grafit
Модульный диван Этен 1 Vertical Milk,115950,https://www.divan.ru/product/modulnyj-divan-eten-1-vertical-milk
Диван Спейс Soft Navy Blue,66990,https://www.divan.ru/product/divan-spejs-soft-navy-blue
Пуф Акера-2 Velvet Yellow,11990,https://www.divan.ru/product/puf-akera-2-velvet-yellow
Диван Эби Мини Linia Mint,58990,https://www.divan.ru/product/divan-abi-mini-linia-mint
Диван Льери Barhat Blue,84990,https://www.divan.ru/product/divan-leri-barhat-blue
Диван угловой Маркфул Velvet Light,79990,https://www.divan.ru/product/divan-uglovoj-markful-velvet-light
Диван Сваут Velvet Moss,66990,https://www.divan.ru/product/divan-svaut-velvet-moss
Диван Льери Мини Velvet Light,64990,https://www.divan.ru/product/divan-leri-mini-velvet-light
Диван Эби Velvet Blue,66990,https://www.divan.ru/product/divan-ebi-velvet-blue
Диван Спейс-2 Velvet Beige,89990,https://www.divan.ru/product/divan-spejs-2-velvet-beige
Модульный диван Риббл-1 Bucle Lilac,78980,https://www.divan.ru/product/modulnyj-divan-ribbl-1-bucle-lilac
Кресло Кальдера Bucle Cloud,36990,https://www.divan.ru/product/kreslo-kaldera-bucle-cloud
